<?xml version="1.0" encoding="UTF-8"?>
<project-private xmlns="http://www.netbeans.org/ns/project-private/1">
    <editor-bookmarks xmlns="http://www.netbeans.org/ns/editor-bookmarks/2" lastBookmarkId="0"/>
    <open-files xmlns="http://www.netbeans.org/ns/projectui-open-files/2">
        <group>
            <file>file:/C:/Users/bauti/OneDrive/Documents/NetBeansProjects/EstructurasEnlazadas/src/estructurasenlazadas/EstructurasEnlazadas.java</file>
            <file>file:/C:/Users/bauti/OneDrive/Documents/NetBeansProjects/EstructurasEnlazadas/src/estructurasenlazadas/StackList.java</file>
            <file>file:/C:/Users/bauti/OneDrive/Documents/NetBeansProjects/EstructurasEnlazadas/src/estructurasenlazadas/Nodo.java</file>
            <file>file:/C:/Users/bauti/OneDrive/Documents/NetBeansProjects/EstructurasEnlazadas/src/estructurasenlazadas/NewClass.java</file>
            <file>file:/C:/Users/bauti/OneDrive/Documents/NetBeansProjects/EstructurasEnlazadas/src/estructurasenlazadas/StackListMio.java</file>
        </group>
    </open-files>
</project-private>
